amazing,email,future,hate,learning,love,machine,nlp,spam,useful
0.0,0.0,0.0,0.0,0.5264054336099155,0.6676785446095399,0.5264054336099155,0.0,0.0,0.0
0.5773502691896257,0.0,0.0,0.0,0.0,0.0,0.0,0.5773502691896257,0.0,0.5773502691896257
0.0,0.5773502691896257,0.0,0.5773502691896257,0.0,0.0,0.0,0.0,0.5773502691896257,0.0
0.0,0.0,0.6676785446095399,0.0,0.5264054336099155,0.0,0.5264054336099155,0.0,0.0,0.0
